Title,prix,unité,Category,Avis,Availability
It's Only the Himalayas,4517.0,£,Travel,2,In stock
Full Moon over Noahâs Ark: An Odyssey to Mount Ararat and Beyond,4943.0,£,Travel,4,In stock
See America: A Celebration of Our National Parks & Treasured Sites,4887.0,£,Travel,3,In stock
Vagabonding: An Uncommon Guide to the Art of Long-Term World Travel,3694.0,£,Travel,2,In stock
Under the Tuscan Sun,3733.0,£,Travel,3,In stock
A Summer In Europe,4434.0,£,Travel,2,In stock
The Great Railway Bazaar,3054.0,£,Travel,1,In stock
A Year in Provence (Provence #1),5688.0,£,Travel,4,In stock
The Road to Little Dribbling: Adventures of an American in Britain (Notes From a Small Island #2),2321.0,£,Travel,1,In stock
Neither Here nor There: Travels in Europe,3895.0,£,Travel,3,In stock
"1,000 Places to See Before You Die",2608.0,£,Travel,5,In stock
Sharp Objects,4782.0,£,Mystery,4,In stock
"In a Dark, Dark Wood",1963.0,£,Mystery,1,In stock
The Past Never Ends,5650.0,£,Mystery,4,In stock
A Murder in Time,1664.0,£,Mystery,1,In stock
The Murder of Roger Ackroyd (Hercule Poirot #4),4410.0,£,Mystery,4,In stock
The Last Mile (Amos Decker #2),5421.0,£,Mystery,2,In stock
That Darkness (Gardiner and Renner #1),1392.0,£,Mystery,1,In stock
Tastes Like Fear (DI Marnie Rome #3),1069.0,£,Mystery,1,In stock
A Time of Torment (Charlie Parker #14),4835.0,£,Mystery,5,In stock
A Study in Scarlet (Sherlock Holmes #1),1673.0,£,Mystery,2,In stock
Poisonous (Max Revere Novels #3),2680.0,£,Mystery,3,In stock
Murder at the 42nd Street Library (Raymond Ambler #1),5436.0,£,Mystery,4,In stock
Most Wanted,3528.0,£,Mystery,3,In stock
Hide Away (Eve Duncan #20),1184.0,£,Mystery,1,In stock
Boar Island (Anna Pigeon #19),5948.0,£,Mystery,3,In stock
The Widow,2726.0,£,Mystery,2,In stock
Playing with Fire,1371.0,£,Mystery,3,In stock
What Happened on Beale Street (Secrets of the South Mysteries #2),2537.0,£,Mystery,5,In stock
The Bachelor Girl's Guide to Murder (Herringford and Watts Mysteries #1),5230.0,£,Mystery,5,In stock
Delivering the Truth (Quaker Midwife Mystery #1),2089.0,£,Mystery,4,In stock
The Mysterious Affair at Styles (Hercule Poirot #1),2480.0,£,Mystery,4,In stock
In the Woods (Dublin Murder Squad #1),3838.0,£,Mystery,2,In stock
The Silkworm (Cormoran Strike #2),2305.0,£,Mystery,5,In stock
The Exiled,4345.0,£,Mystery,3,In stock
The Cuckoo's Calling (Cormoran Strike #1),1921.0,£,Mystery,1,In stock
Extreme Prey (Lucas Davenport #26),2540.0,£,Mystery,3,In stock
Career of Evil (Cormoran Strike #3),2472.0,£,Mystery,2,In stock
The No. 1 Ladies' Detective Agency (No. 1 Ladies' Detective Agency #1),5770.0,£,Mystery,4,In stock
The Girl You Lost,1229.0,£,Mystery,5,In stock
The Girl In The Ice (DCI Erika Foster #1),1585.0,£,Mystery,3,In stock
Blood Defense (Samantha Brinkman #1),2030.0,£,Mystery,3,In stock
1st to Die (Women's Murder Club #1),5398.0,£,Mystery,1,In stock
Tipping the Velvet,5374.0,£,Historical Fiction,1,In stock
Forever and Forever: The Courtship of Henry Longfellow and Fanny Appleton,2969.0,£,Historical Fiction,3,In stock
A Flight of Arrows (The Pathfinders #2),5553.0,£,Historical Fiction,5,In stock
The House by the Lake,3695.0,£,Historical Fiction,1,In stock
Mrs. Houdini,3025.0,£,Historical Fiction,5,In stock
The Marriage of Opposites,2808.0,£,Historical Fiction,4,In stock
Glory over Everything: Beyond The Kitchen House,4584.0,£,Historical Fiction,3,In stock
"Love, Lies and Spies",2055.0,£,Historical Fiction,2,In stock
A Paris Apartment,3901.0,£,Historical Fiction,4,In stock
Lilac Girls,1728.0,£,Historical Fiction,2,In stock
The Constant Princess (The Tudor Court #1),1662.0,£,Historical Fiction,3,In stock
The Invention of Wings,3734.0,£,Historical Fiction,1,In stock
World Without End (The Pillars of the Earth #2),3297.0,£,Historical Fiction,4,In stock
The Passion of Dolssa,2832.0,£,Historical Fiction,5,In stock
Girl With a Pearl Earring,2677.0,£,Historical Fiction,1,In stock
Voyager (Outlander #3),2107.0,£,Historical Fiction,5,In stock
The Red Tent,3566.0,£,Historical Fiction,5,In stock
The Last Painting of Sara de Vos,5555.0,£,Historical Fiction,2,In stock
The Guernsey Literary and Potato Peel Pie Society,4953.0,£,Historical Fiction,1,In stock
Girl in the Blue Coat,4683.0,£,Historical Fiction,2,In stock
Between Shades of Gray,2079.0,£,Historical Fiction,5,In stock
While You Were Mine,4132.0,£,Historical Fiction,5,In stock
The Secret Healer,3456.0,£,Historical Fiction,3,In stock
Starlark,2583.0,£,Historical Fiction,3,In stock
Lost Among the Living,2770.0,£,Historical Fiction,4,In stock
A Spy's Devotion (The Regency Spies of London #1),1697.0,£,Historical Fiction,5,In stock
Scott Pilgrim's Precious Little Life (Scott Pilgrim #1),5229.0,£,Sequential Art,5,In stock
Tsubasa: WoRLD CHRoNiCLE 2 (Tsubasa WoRLD CHRoNiCLE #2),1628.0,£,Sequential Art,1,In stock
This One Summer,1949.0,£,Sequential Art,4,In stock
The Nameless City (The Nameless City #1),3816.0,£,Sequential Art,4,In stock
"Saga, Volume 5 (Saga (Collected Editions) #5)",5104.0,£,Sequential Art,2,In stock
"Rat Queens, Vol. 3: Demons (Rat Queens (Collected Editions) #11-15)",5040.0,£,Sequential Art,3,In stock
"Princess Jellyfish 2-in-1 Omnibus, Vol. 01 (Princess Jellyfish 2-in-1 Omnibus #1)",1361.0,£,Sequential Art,5,In stock
"Pop Gun War, Volume 1: Gift",1897.0,£,Sequential Art,1,In stock
Patience,1016.0,£,Sequential Art,3,In stock
"Outcast, Vol. 1: A Darkness Surrounds Him (Outcast #1)",1544.0,£,Sequential Art,4,In stock
orange: The Complete Collection 1 (orange: The Complete Collection #1),4841.0,£,Sequential Art,1,In stock
"Lumberjanes, Vol. 2: Friendship to the Max (Lumberjanes #5-8)",4691.0,£,Sequential Art,2,In stock
"Lumberjanes, Vol. 1: Beware the Kitten Holy (Lumberjanes #1-4)",4561.0,£,Sequential Art,3,In stock
Lumberjanes Vol. 3: A Terrible Plan (Lumberjanes #9-12),1992.0,£,Sequential Art,2,In stock
"I Hate Fairyland, Vol. 1: Madly Ever After (I Hate Fairyland (Compilations) #1-5)",2917.0,£,Sequential Art,2,In stock
I am a Hero Omnibus Volume 1,5463.0,£,Sequential Art,3,In stock
"Giant Days, Vol. 2 (Giant Days #5-8)",2211.0,£,Sequential Art,2,In stock
Danganronpa Volume 1,5199.0,£,Sequential Art,4,In stock
"Codename Baboushka, Volume 1: The Conclave of Death",3672.0,£,Sequential Art,4,In stock
Camp Midnight,1708.0,£,Sequential Art,4,In stock
"Bitch Planet, Vol. 1: Extraordinary Machine (Bitch Planet (Collected Editions))",3792.0,£,Sequential Art,2,In stock
The Shadow Hero (The Shadow Hero),3314.0,£,Sequential Art,1,In stock
"Fables, Vol. 1: Legends in Exile (Fables #1)",4162.0,£,Sequential Art,4,In stock
Batman: The Long Halloween (Batman),3650.0,£,Sequential Art,2,In stock
Batman: The Dark Knight Returns (Batman),1538.0,£,Sequential Art,5,In stock
"Wonder Woman: Earth One, Volume One (Wonder Woman: Earth One #1)",3734.0,£,Sequential Art,4,In stock
"We Are Robin, Vol. 1: The Vigilante Business (We Are Robin #1)",5390.0,£,Sequential Art,1,In stock
Through the Woods,2538.0,£,Sequential Art,2,In stock
Superman Vol. 1: Before Truth (Superman by Gene Luen Yang #1),1189.0,£,Sequential Art,5,In stock
"So Cute It Hurts!!, Vol. 6 (So Cute It Hurts!! #6)",3543.0,£,Sequential Art,4,In stock
Robin War,4782.0,£,Sequential Art,3,In stock
"Red Hood/Arsenal, Vol. 1: Open for Business (Red Hood/Arsenal #1)",2548.0,£,Sequential Art,2,In stock
"Naruto (3-in-1 Edition), Vol. 14: Includes Vols. 40, 41 & 42 (Naruto: Omnibus #14)",3839.0,£,Sequential Art,2,In stock
Lowriders to the Center of the Earth (Lowriders in Space #2),5151.0,£,Sequential Art,2,In stock
El Deafo,5762.0,£,Sequential Art,5,In stock
Batman: Europa,3201.0,£,Sequential Art,2,In stock
Art Ops Vol. 1,4880.0,£,Sequential Art,3,In stock
"Adulthood Is a Myth: A ""Sarah's Scribbles"" Collection",1090.0,£,Sequential Art,2,In stock
"Fruits Basket, Vol. 9 (Fruits Basket #9)",3395.0,£,Sequential Art,4,In stock
Roller Girl,1410.0,£,Sequential Art,5,In stock
"Fruits Basket, Vol. 7 (Fruits Basket #7)",1957.0,£,Sequential Art,1,In stock
"Fruits Basket, Vol. 6 (Fruits Basket #6)",2096.0,£,Sequential Art,4,In stock
"Death Note, Vol. 6: Give-and-Take (Death Note #6)",3639.0,£,Sequential Art,3,In stock
"Fruits Basket, Vol. 5 (Fruits Basket #5)",1633.0,£,Sequential Art,1,In stock
"Death Note, Vol. 5: Whiteout (Death Note #5)",5241.0,£,Sequential Art,1,In stock
"The Demon Prince of Momochi House, Vol. 4 (The Demon Prince of Momochi House #4)",2788.0,£,Sequential Art,2,In stock
"Fruits Basket, Vol. 4 (Fruits Basket #4)",5044.0,£,Sequential Art,4,In stock
"The Wicked + The Divine, Vol. 3: Commercial Suicide (The Wicked + The Divine)",1441.0,£,Sequential Art,3,In stock
"The Sandman, Vol. 3: Dream Country (The Sandman (volumes) #3)",5555.0,£,Sequential Art,5,In stock
"Saga, Volume 3 (Saga (Collected Editions) #3)",2157.0,£,Sequential Art,5,In stock
Prodigy: The Graphic Novel (Legend: The Graphic Novel #2),4363.0,£,Sequential Art,3,In stock
Persepolis: The Story of a Childhood (Persepolis #1-2),3913.0,£,Sequential Art,1,In stock
Original Fake,3145.0,£,Sequential Art,3,In stock
"Grayson, Vol 3: Nemesis (Grayson #3)",4272.0,£,Sequential Art,1,In stock
"Fruits Basket, Vol. 3 (Fruits Basket #3)",4517.0,£,Sequential Art,2,In stock
"Black Butler, Vol. 1 (Black Butler #1)",4931.0,£,Sequential Art,1,In stock
Awkward,3802.0,£,Sequential Art,2,In stock
"The Sandman, Vol. 2: The Doll's House (The Sandman (volumes) #2)",5481.0,£,Sequential Art,1,In stock
"Saga, Volume 2 (Saga (Collected Editions) #2)",1175.0,£,Sequential Art,3,In stock
"Fruits Basket, Vol. 2 (Fruits Basket #2)",1164.0,£,Sequential Art,5,In stock
"Y: The Last Man, Vol. 1: Unmanned (Y: The Last Man #1)",1851.0,£,Sequential Art,4,In stock
"The Wicked + The Divine, Vol. 1: The Faust Act (The Wicked + The Divine)",3652.0,£,Sequential Art,2,In stock
"The Sandman, Vol. 1: Preludes and Nocturnes (The Sandman (volumes) #1)",5412.0,£,Sequential Art,3,In stock
The Complete Maus (Maus #1-2),1064.0,£,Sequential Art,3,In stock
"Skip Beat!, Vol. 01 (Skip Beat! #1)",4212.0,£,Sequential Art,3,In stock
"Saga, Volume 1 (Saga (Collected Editions) #1)",2848.0,£,Sequential Art,1,In stock
"Rat Queens, Vol. 1: Sass & Sorcery (Rat Queens (Collected Editions) #1-5)",4696.0,£,Sequential Art,5,In stock
"Paper Girls, Vol. 1 (Paper Girls #1-5)",2171.0,£,Sequential Art,4,In stock
"Ouran High School Host Club, Vol. 1 (Ouran High School Host Club #1)",2987.0,£,Sequential Art,3,In stock
"Ms. Marvel, Vol. 1: No Normal (Ms. Marvel (2014-2015) #1)",3939.0,£,Sequential Art,4,In stock
"Hawkeye, Vol. 1: My Life as a Weapon (Hawkeye #1)",4524.0,£,Sequential Art,3,In stock
"Giant Days, Vol. 1 (Giant Days #1-4)",5676.0,£,Sequential Art,4,In stock
"Fruits Basket, Vol. 1 (Fruits Basket #1)",4028.0,£,Sequential Art,5,In stock
"Bleach, Vol. 1: Strawberry and the Soul Reapers (Bleach #1)",3465.0,£,Sequential Art,5,In stock
"Ajin: Demi-Human, Volume 1 (Ajin: Demi-Human #1)",5706.0,£,Sequential Art,4,In stock
The Secret Garden,1508.0,£,Classics,4,In stock
The Metamorphosis,2858.0,£,Classics,1,In stock
The Pilgrim's Progress,5026.0,£,Classics,2,In stock
The Hound of the Baskervilles (Sherlock Holmes #5),1482.0,£,Classics,2,In stock
Little Women (Little Women #1),2807.0,£,Classics,4,In stock
Gone with the Wind,3249.0,£,Classics,3,In stock
Candide,5863.0,£,Classics,3,In stock
Animal Farm,5722.0,£,Classics,3,In stock
Wuthering Heights,1773.0,£,Classics,3,In stock
The Picture of Dorian Gray,2970.0,£,Classics,2,In stock
The Complete Stories and Poems (The Works of Edgar Allan Poe [Cameo Edition]),2678.0,£,Classics,4,In stock
Beowulf,3835.0,£,Classics,2,In stock
And Then There Were None,3501.0,£,Classics,2,In stock
The Story of Hong Gildong,4319.0,£,Classics,4,In stock
The Little Prince,4542.0,£,Classics,2,In stock
Sense and Sensibility,3746.0,£,Classics,1,In stock
Of Mice and Men,4711.0,£,Classics,2,In stock
Emma,3293.0,£,Classics,2,In stock
Alice in Wonderland (Alice's Adventures in Wonderland #1),5553.0,£,Classics,1,In stock
Sophie's World,1594.0,£,Philosophy,5,In stock
The Death of Humanity: and the Case for Life,5811.0,£,Philosophy,4,In stock
The Stranger,1744.0,£,Philosophy,4,In stock
Proofs of God: Classical Arguments from Tertullian to Barth,5421.0,£,Philosophy,1,In stock
Kierkegaard: A Christian Missionary to Christians,4713.0,£,Philosophy,1,In stock
"At The Existentialist CafÃ©: Freedom, Being, and apricot cocktails with: Jean-Paul Sartre, Simone de Beauvoir, Albert Camus, Martin Heidegger, Edmund Husserl, Karl Jaspers, Maurice Merleau-Ponty and others",2993.0,£,Philosophy,5,In stock
Critique of Pure Reason,2075.0,£,Philosophy,1,In stock
"Run, Spot, Run: The Ethics of Keeping Pets",2002.0,£,Philosophy,1,In stock
The Nicomachean Ethics,3634.0,£,Philosophy,1,In stock
Meditations,2589.0,£,Philosophy,2,In stock
Beyond Good and Evil,4338.0,£,Philosophy,1,In stock
Chase Me (Paris Nights #2),2527.0,£,Romance,5,In stock
Black Dust,3453.0,£,Romance,5,In stock
Her Backup Boyfriend (The Sorensen Family #1),3397.0,£,Romance,1,In stock
First and First (Five Boroughs #3),1597.0,£,Romance,4,In stock
Fifty Shades Darker (Fifty Shades #2),2196.0,£,Romance,1,In stock
The Wedding Dress,2412.0,£,Romance,1,In stock
Suddenly in Love (Lake Haven #1),5599.0,£,Romance,2,In stock
Something More Than This,1624.0,£,Romance,4,In stock
Doing It Over (Most Likely To #1),3561.0,£,Romance,3,In stock
The Wedding Pact (The O'Malleys #2),3261.0,£,Romance,3,In stock
Hold Your Breath (Search and Rescue #1),2882.0,£,Romance,1,In stock
Dirty (Dive Bar #1),4083.0,£,Romance,4,In stock
Take Me Home Tonight (Rock Star Romance #3),5398.0,£,Romance,3,In stock
Off the Hook (Fishing for Trouble #1),4767.0,£,Romance,3,In stock
A Gentleman's Position (Society of Gentlemen #3),1475.0,£,Romance,5,In stock
"Sit, Stay, Love",2090.0,£,Romance,3,In stock
A Girl's Guide to Moving On (New Beginnings #2),3130.0,£,Romance,1,In stock
The Perfect Play (Play by Play #1),5999.0,£,Romance,3,In stock
Dark Lover (Black Dagger Brotherhood #1),1287.0,£,Romance,1,In stock
Changing the Game (Play by Play #2),1338.0,£,Romance,3,In stock
A Walk to Remember,5643.0,£,Romance,1,In stock
The Purest Hook (Second Circle Tattoos #3),1225.0,£,Romance,1,In stock
The Obsession,4543.0,£,Romance,1,In stock
Reservations for Two,1110.0,£,Romance,3,In stock
Best of My Love (Fool's Gold #20),2741.0,£,Romance,2,In stock
Where Lightning Strikes (Bleeding Stars #3),3977.0,£,Romance,3,In stock
This One Moment (Pushing Limits #1),4871.0,£,Romance,1,In stock
"Rhythm, Chord & Malykhin",2834.0,£,Romance,2,In stock
My Perfect Mistake (Over the Top #1),3892.0,£,Romance,2,In stock
Listen to Me (Fusion #1),5899.0,£,Romance,3,In stock
Imperfect Harmony,3474.0,£,Romance,4,In stock
Fighting Fate (Fighting #6),3924.0,£,Romance,3,In stock
Deep Under (Walker Security #1),4709.0,£,Romance,5,In stock
Charity's Cross (Charles Towne Belles #4),4124.0,£,Romance,1,In stock
Bounty (Colorado Mountain #7),3726.0,£,Romance,4,In stock
I Had a Nice Time And Other Lies...: How to find love & sh*t like that,5736.0,£,Womens Fiction,4,In stock
Will You Won't You Want Me?,1386.0,£,Womens Fiction,3,In stock
Keep Me Posted,2046.0,£,Womens Fiction,4,In stock
Grey (Fifty Shades #4),4849.0,£,Womens Fiction,4,In stock
Meternity,4358.0,£,Womens Fiction,3,In stock
Some Women,1373.0,£,Womens Fiction,5,In stock
Shopaholic Ties the Knot (Shopaholic #3),4839.0,£,Womens Fiction,5,In stock
Can You Keep a Secret?,2194.0,£,Womens Fiction,1,In stock
Twenties Girl,4280.0,£,Womens Fiction,2,In stock
The Undomestic Goddess,4575.0,£,Womens Fiction,4,In stock
The Nanny Diaries (Nanny #1),5253.0,£,Womens Fiction,5,In stock
The Devil Wears Prada (The Devil Wears Prada #1),4429.0,£,Womens Fiction,1,In stock
Something Borrowed (Darcy & Rachel #1),4896.0,£,Womens Fiction,5,In stock
Something Blue (Darcy & Rachel #2),5462.0,£,Womens Fiction,1,In stock
I've Got Your Number,1969.0,£,Womens Fiction,1,In stock
The Edge of Reason (Bridget Jones #2),1918.0,£,Womens Fiction,4,In stock
Bridget Jones's Diary (Bridget Jones #1),2982.0,£,Womens Fiction,1,In stock
Soumission,5010.0,£,Fiction,1,In stock
Private Paris (Private #10),4761.0,£,Fiction,5,In stock
"We Love You, Charlie Freeman",5027.0,£,Fiction,5,In stock
Thirst,1727.0,£,Fiction,5,In stock
The Murder That Never Was (Forensic Instincts #5),5411.0,£,Fiction,3,In stock
Tuesday Nights in 1980,2104.0,£,Fiction,2,In stock
The Vacationers,4215.0,£,Fiction,4,In stock
The Regional Office Is Under Attack!,5136.0,£,Fiction,5,In stock
Finders Keepers (Bill Hodges Trilogy #2),5353.0,£,Fiction,5,In stock
The Time Keeper,2788.0,£,Fiction,5,In stock
The Testament of Mary,5267.0,£,Fiction,4,In stock
The First Hostage (J.B. Collins #2),2585.0,£,Fiction,3,In stock
Take Me with You,4521.0,£,Fiction,3,In stock
Still Life with Bread Crumbs,2641.0,£,Fiction,3,In stock
Shtum,5584.0,£,Fiction,4,In stock
My Name Is Lucy Barton,4156.0,£,Fiction,1,In stock
My Mrs. Brown,2448.0,£,Fiction,3,In stock
Mr. Mercedes (Bill Hodges Trilogy #1),2890.0,£,Fiction,1,In stock
I Am Pilgrim (Pilgrim #1),1060.0,£,Fiction,4,In stock
Eligible (The Austen Project #4),2709.0,£,Fiction,3,In stock
Eight Hundred Grapes,1439.0,£,Fiction,4,In stock
Dear Mr. Knightley,1121.0,£,Fiction,5,In stock
Cometh the Hour (The Clifton Chronicles #6),2501.0,£,Fiction,3,In stock
Balloon Animals,1703.0,£,Fiction,3,In stock
A Man Called Ove,3972.0,£,Fiction,1,In stock
The Silent Sister (Riley MacPherson #1),4629.0,£,Fiction,5,In stock
The Dinner Party,5654.0,£,Fiction,2,In stock
The Improbability of Love,5945.0,£,Fiction,1,In stock
Mothering Sunday,1334.0,£,Fiction,2,In stock
Lies and Other Acts of Love,4514.0,£,Fiction,1,In stock
Daredevils,1634.0,£,Fiction,3,In stock
11/22/63,4848.0,£,Fiction,3,In stock
The Shack,2803.0,£,Fiction,1,In stock
The High Mountains of Portugal,5115.0,£,Fiction,1,In stock
Miller's Valley,5854.0,£,Fiction,2,In stock
Hystopia: A Novel,2196.0,£,Fiction,4,In stock
The Bourne Identity (Jason Bourne #1),4278.0,£,Fiction,4,In stock
Sister Dear,4020.0,£,Fiction,4,In stock
Memoirs of a Geisha,4967.0,£,Fiction,3,In stock
Me Before You (Me Before You #1),1902.0,£,Fiction,1,In stock
Deception Point,4032.0,£,Fiction,4,In stock
The Little Paris Bookshop,2473.0,£,Fiction,3,In stock
The Firm,4556.0,£,Fiction,3,In stock
The Expatriates,4458.0,£,Fiction,2,In stock
Siddhartha,3422.0,£,Fiction,5,In stock
Last One Home (New Beginnings #1),5998.0,£,Fiction,3,In stock
Digital Fortress,5800.0,£,Fiction,5,In stock
Atlas Shrugged,2658.0,£,Fiction,5,In stock
Three-Martini Lunch,2321.0,£,Fiction,3,In stock
The Nightingale,2626.0,£,Fiction,4,In stock
The Infinities,2741.0,£,Fiction,1,In stock
The Husband's Secret,5251.0,£,Fiction,5,In stock
The Da Vinci Code (Robert Langdon #2),2296.0,£,Fiction,2,In stock
The Art of Fielding,2210.0,£,Fiction,1,In stock
Lila (Gilead #3),1247.0,£,Fiction,3,In stock
Jurassic Park (Jurassic Park #1),4497.0,£,Fiction,1,In stock
Inferno (Robert Langdon #4),4100.0,£,Fiction,5,In stock
Crazy Rich Asians (Crazy Rich Asians #1),4913.0,£,Fiction,5,In stock
Big Little Lies,2211.0,£,Fiction,1,In stock
The Course of Love,1678.0,£,Fiction,3,In stock
When I'm Gone,5196.0,£,Fiction,3,In stock
The Silent Wife,1234.0,£,Fiction,5,In stock
The Bette Davis Club,3066.0,£,Fiction,3,In stock
Kitchens of the Great Midwest,5720.0,£,Fiction,5,In stock
Bright Lines,3907.0,£,Fiction,5,In stock
Birdsong: A Story in Pictures,5464.0,£,Childrens,3,In stock
The Bear and the Piano,3689.0,£,Childrens,1,In stock
The Secret of Dreadwillow Carse,5613.0,£,Childrens,1,In stock
The White Cat and the Monk: A Retelling of the Poem âPangur BÃ¡nâ,5808.0,£,Childrens,4,In stock
Little Red,1347.0,£,Childrens,3,In stock
Walt Disney's Alice in Wonderland,1296.0,£,Childrens,5,In stock
Twenty Yawns,2208.0,£,Childrens,2,In stock
Rain Fish,2357.0,£,Childrens,3,In stock
Once Was a Time,1828.0,£,Childrens,2,In stock
Luis Paints the World,5395.0,£,Childrens,3,In stock
Nap-a-Roo,2508.0,£,Childrens,1,In stock
The Whale,3596.0,£,Childrens,4,In stock
"Shrunken Treasures: Literary Classics, Short, Sweet, and Silly",5287.0,£,Childrens,3,In stock
Raymie Nightingale,3441.0,£,Childrens,2,In stock
Playing from the Heart,3238.0,£,Childrens,1,In stock
Maybe Something Beautiful: How Art Transformed a Neighborhood,2254.0,£,Childrens,1,In stock
The Wild Robot,5607.0,£,Childrens,3,In stock
The Thing About Jellyfish,4877.0,£,Childrens,1,In stock
The Lonely Ones,4359.0,£,Childrens,5,In stock
The Day the Crayons Came Home (Crayons),2633.0,£,Childrens,5,In stock
The Cat in the Hat (Beginner Books B-1),1626.0,£,Childrens,2,In stock
Red: The True Story of Red Riding Hood,2854.0,£,Childrens,3,In stock
Horrible Bear!,3752.0,£,Childrens,2,In stock
Green Eggs and Ham (Beginner Books B-16),1079.0,£,Childrens,4,In stock
Counting Thyme,1062.0,£,Childrens,1,In stock
Are We There Yet?,1066.0,£,Childrens,3,In stock
Diary of a Minecraft Zombie Book 1: A Scare of a Dare (An Unofficial Minecraft Book),5288.0,£,Childrens,4,In stock
Matilda,2834.0,£,Childrens,1,In stock
Charlie and the Chocolate Factory (Charlie Bucket #1),2285.0,£,Childrens,3,In stock
"Don't Be a Jerk: And Other Practical Advice from Dogen, Japan's Greatest Zen Master",3797.0,£,Religion,2,In stock
You Are What You Love: The Spiritual Power of Habit,2187.0,£,Religion,4,In stock
God: The Most Unpleasant Character in All Fiction,3003.0,£,Religion,5,In stock
The Book of Mormon,2457.0,£,Religion,3,In stock
"A History of God: The 4,000-Year Quest of Judaism, Christianity, and Islam",2762.0,£,Religion,1,In stock
The Bhagavad Gita,5749.0,£,Religion,3,In stock
Choosing Our Religion: The Spiritual Lives of America's Nones,2842.0,£,Religion,4,In stock
Worlds Elsewhere: Journeys Around Shakespeareâs Globe,4030.0,£,Nonfiction,5,In stock
The Five Love Languages: How to Express Heartfelt Commitment to Your Mate,3105.0,£,Nonfiction,3,In stock
Reasons to Stay Alive,2641.0,£,Nonfiction,2,In stock
#HigherSelfie: Wake Up Your Life. Free Your Soul. Find Your Tribe.,2311.0,£,Nonfiction,5,In stock
"Unseen City: The Majesty of Pigeons, the Discreet Charm of Snails & Other Wonders of the Urban Wilderness",4418.0,£,Nonfiction,4,In stock
Throwing Rocks at the Google Bus: How Growth Became the Enemy of Prosperity,3112.0,£,Nonfiction,3,In stock
The Life-Changing Magic of Tidying Up: The Japanese Art of Decluttering and Organizing,1677.0,£,Nonfiction,3,In stock
The Gutsy Girl: Escapades for Your Life of Epic Adventure,3713.0,£,Nonfiction,1,In stock
The Electric Pencil: Drawings from Inside State Hospital No. 3,5606.0,£,Nonfiction,1,In stock
Spark Joy: An Illustrated Master Class on the Art of Organizing and Tidying Up,4183.0,£,Nonfiction,4,In stock
Reskilling America: Learning to Labor in the Twenty-First Century,1983.0,£,Nonfiction,2,In stock
In the Country We Love: My Family Divided,2200.0,£,Nonfiction,4,In stock
Everydata: The Misinformation Hidden in the Little Data You Consume Every Day,5435.0,£,Nonfiction,2,In stock
Call the Nurse: True Stories of a Country Nurse on a Scottish Isle,2914.0,£,Nonfiction,5,In stock
Algorithms to Live By: The Computer Science of Human Decisions,3081.0,£,Nonfiction,1,In stock
The Power of Now: A Guide to Spiritual Enlightenment,4354.0,£,Nonfiction,2,In stock
The Omnivore's Dilemma: A Natural History of Four Meals,3821.0,£,Nonfiction,2,In stock
The Genius of Birds,1724.0,£,Nonfiction,1,In stock
The Artist's Way: A Spiritual Path to Higher Creativity,3849.0,£,Nonfiction,5,In stock
So You've Been Publicly Shamed,1223.0,£,Nonfiction,2,In stock
"Daring Greatly: How the Courage to Be Vulnerable Transforms the Way We Live, Love, Parent, and Lead",1943.0,£,Nonfiction,3,In stock
Big Magic: Creative Living Beyond Fear,3080.0,£,Nonfiction,3,In stock
Becoming Wise: An Inquiry into the Mystery and Art of Living,2743.0,£,Nonfiction,2,In stock
Agnostic: A Spirited Manifesto,1251.0,£,Nonfiction,5,In stock
Whole Lotta Creativity Going On: 60 Fun and Unusual Exercises to Awaken and Strengthen Your Creativity,3820.0,£,Nonfiction,4,In stock
What's It Like in Space?: Stories from Astronauts Who've Been There,1960.0,£,Nonfiction,2,In stock
The Year of Magical Thinking,4304.0,£,Nonfiction,2,In stock
The Literature Book (Big Ideas Simply Explained),1743.0,£,Nonfiction,3,In stock
The Bad-Ass Librarians of Timbuktu: And Their Race to Save the Worldâs Most Precious Manuscripts,1577.0,£,Nonfiction,1,In stock
Swell: A Year of Waves,4558.0,£,Nonfiction,1,In stock
No Dream Is Too High: Life Lessons From a Man Who Walked on the Moon,2195.0,£,Nonfiction,2,In stock
Looking for Lovely: Collecting the Moments that Matter,2914.0,£,Nonfiction,5,In stock
Let It Out: A Journey Through Journaling,2679.0,£,Nonfiction,5,In stock
Hamilton: The Revolution,5879.0,£,Nonfiction,3,In stock
"Far & Away: Places on the Brink of Change: Seven Continents, Twenty-Five Years",1506.0,£,Nonfiction,4,In stock
"Eaternity: More than 150 Deliciously Easy Vegan Recipes for a Long, Healthy, Satisfied, Joyful Life",5175.0,£,Nonfiction,5,In stock
Buying In: The Secret Dialogue Between What We Buy and Who We Are,3780.0,£,Nonfiction,4,In stock
Brain on Fire: My Month of Madness,4932.0,£,Nonfiction,5,In stock
Abstract City,5637.0,£,Nonfiction,5,In stock
13 Hours: The Inside Account of What Really Happened In Benghazi,2706.0,£,Nonfiction,1,In stock
The Lonely City: Adventures in the Art of Being Alone,3326.0,£,Nonfiction,2,In stock
The Diary of a Young Girl,5990.0,£,Nonfiction,3,In stock
Snatched: How A Drug Queen Went Undercover for the DEA and Was Kidnapped By Colombian Guerillas,2121.0,£,Nonfiction,3,In stock
Furiously Happy: A Funny Book About Horrible Things,4146.0,£,Nonfiction,4,In stock
"The Sleep Revolution: Transforming Your Life, One Night at a Time",1168.0,£,Nonfiction,4,In stock
"Mother, Can You Not?",1689.0,£,Nonfiction,5,In stock
A Mother's Reckoning: Living in the Aftermath of Tragedy,1953.0,£,Nonfiction,3,In stock
"10% Happier: How I Tamed the Voice in My Head, Reduced Stress Without Losing My Edge, and Found Self-Help That Actually Works",2457.0,£,Nonfiction,2,In stock
Chernobyl 01:23:40: The Incredible True Story of the World's Worst Nuclear Disaster,3592.0,£,Nonfiction,2,In stock
"Zero to One: Notes on Startups, or How to Build the Future",3406.0,£,Nonfiction,3,In stock
Why Not Me?,1776.0,£,Nonfiction,1,In stock
When Breath Becomes Air,3936.0,£,Nonfiction,2,In stock
"The Midnight Assassin: Panic, Scandal, and the Hunt for America's First Serial Killer",2845.0,£,Nonfiction,4,In stock
Smarter Faster Better: The Secrets of Being Productive in Life and Business,3889.0,£,Nonfiction,5,In stock
Rising Strong,2182.0,£,Nonfiction,3,In stock
Man's Search for Meaning,2948.0,£,Nonfiction,3,In stock
"Love That Boy: What Two Presidents, Eight Road Trips, and My Son Taught Me About a Parent's Expectations",2506.0,£,Nonfiction,2,In stock
Living Forward: A Proven Plan to Stop Drifting and Get the Life You Want,1255.0,£,Nonfiction,3,In stock
I Will Find You,4421.0,£,Nonfiction,1,In stock
Brazen: The Courage to Find the You That's Been Hiding,1922.0,£,Nonfiction,2,In stock
Between the World and Me,5691.0,£,Nonfiction,4,In stock
Being Mortal: Medicine and What Matters in the End,5506.0,£,Nonfiction,4,In stock
"A Murder Over a Girl: Justice, Gender, Junior High",1320.0,£,Nonfiction,3,In stock
For the Love: Fighting for Grace in a World of Impossible Standards,4513.0,£,Nonfiction,3,In stock
Finding God in the Ruins: How God Redeems Pain,4664.0,£,Nonfiction,2,In stock
The Man Who Mistook His Wife for a Hat and Other Clinical Tales,5945.0,£,Nonfiction,4,In stock
In Cold Blood,4998.0,£,Nonfiction,4,In stock
"Girl, Interrupted",4214.0,£,Nonfiction,3,In stock
Why Save the Bankers?: And Other Essays on Our Economic and Political Crisis,4867.0,£,Nonfiction,2,In stock
Talking to Girls About Duran Duran: One Young Man's Quest for True Love and a Cooler Haircut,2515.0,£,Nonfiction,4,In stock
My Mother Was Nuts,3163.0,£,Nonfiction,4,In stock
"Data, A Love Story: How I Gamed Online Dating to Meet My Match",3235.0,£,Nonfiction,3,In stock
The Jazz of Physics: The Secret Link Between Music and the Structure of the Universe,3871.0,£,Nonfiction,3,In stock
The Gunning of America: Business and the Making of American Gun Culture,1681.0,£,Nonfiction,4,In stock
The Geography of Bliss: One Grump's Search for the Happiest Places in the World,2823.0,£,Nonfiction,2,In stock
God Is Not Great: How Religion Poisons Everything,2780.0,£,Nonfiction,1,In stock
We the People: The Modern-Day Figures Who Have Reshaped and Affirmed the Founding Fathers' Vision of America,3195.0,£,Nonfiction,3,In stock
Very Good Lives: The Fringe Benefits of Failure and the Importance of Imagination,5066.0,£,Nonfiction,3,In stock
"Unstuffed: Decluttering Your Home, Mind, and Soul",5809.0,£,Nonfiction,1,In stock
Under the Banner of Heaven: A Story of Violent Faith,3000.0,£,Nonfiction,1,In stock
"Trespassing Across America: One Man's Epic, Never-Done-Before (and Sort of Illegal) Hike Across the Heartland",5351.0,£,Nonfiction,1,In stock
The Name of God is Mercy,3725.0,£,Nonfiction,2,In stock
Stiff: The Curious Lives of Human Cadavers,3674.0,£,Nonfiction,3,In stock
Spilled Milk: Based on a True Story,4951.0,£,Nonfiction,1,In stock
"Rise of the Rocket Girls: The Women Who Propelled Us, from Missiles to the Moon to Mars",4167.0,£,Nonfiction,4,In stock
Outliers: The Story of Success,1416.0,£,Nonfiction,1,In stock
Notes from a Small Island (Notes From a Small Island #1),4017.0,£,Nonfiction,1,In stock
Night (The Night Trilogy #1),1351.0,£,Nonfiction,1,In stock
"Miracles from Heaven: A Little Girl, Her Journey to Heaven, and Her Amazing Story of Healing",5783.0,£,Nonfiction,1,In stock
Letter to a Christian Nation,2220.0,£,Nonfiction,1,In stock
Let's Pretend This Never Happened: A Mostly True Memoir,4511.0,£,Nonfiction,1,In stock
It's Never Too Late to Begin Again: Discovering Creativity and Meaning at Midlife and Beyond,4238.0,£,Nonfiction,1,In stock
Into the Wild,5670.0,£,Nonfiction,5,In stock
"In the Garden of Beasts: Love, Terror, and an American Family in Hitler's Berlin",2885.0,£,Nonfiction,3,In stock
I Am Malala: The Girl Who Stood Up for Education and Was Shot by the Taliban,2888.0,£,Nonfiction,2,In stock
Gratitude,2666.0,£,Nonfiction,5,In stock
Disrupted: My Misadventure in the Start-Up Bubble,1528.0,£,Nonfiction,5,In stock
Brave Enough,5132.0,£,Nonfiction,5,In stock
"Born to Run: A Hidden Tribe, Superathletes, and the Greatest Race the World Has Never Seen",2735.0,£,Nonfiction,2,In stock
Blink: The Power of Thinking Without Thinking,2174.0,£,Nonfiction,5,In stock
Black Flags: The Rise of ISIS,4087.0,£,Nonfiction,1,In stock
Are We Smart Enough to Know How Smart Animals Are?,5658.0,£,Nonfiction,1,In stock
A Walk in the Woods: Rediscovering America on the Appalachian Trail,3048.0,£,Nonfiction,4,In stock
"The Suffragettes (Little Black Classics, #96)",1189.0,£,Nonfiction,2,In stock
Kindle Paperwhite User's Guide,3400.0,£,Nonfiction,3,In stock
H is for Hawk,5742.0,£,Nonfiction,5,In stock
Travels with Charley: In Search of America,5782.0,£,Nonfiction,5,In stock
The Tumor,4156.0,£,Nonfiction,5,In stock
The End of the Jesus Era (An Investigation #1),1440.0,£,Nonfiction,1,In stock
"Eat, Pray, Love",5132.0,£,Nonfiction,3,In stock
Rip it Up and Start Again,3502.0,£,Music,5,In stock
"Our Band Could Be Your Life: Scenes from the American Indie Underground, 1981-1991",5725.0,£,Music,3,In stock
How Music Works,3732.0,£,Music,2,In stock
Love Is a Mix Tape (Music #1),1803.0,£,Music,1,In stock
Please Kill Me: The Uncensored Oral History of Punk,3119.0,£,Music,4,In stock
Kill 'Em and Leave: Searching for James Brown and the American Soul,4505.0,£,Music,5,In stock
"Chronicles, Vol. 1",5260.0,£,Music,2,In stock
This Is Your Brain on Music: The Science of a Human Obsession,3840.0,£,Music,1,In stock
"Orchestra of Exiles: The Story of Bronislaw Huberman, the Israel Philharmonic, and the One Thousand Jews He Saved from Nazi Horrors",1236.0,£,Music,3,In stock
No One Here Gets Out Alive,2002.0,£,Music,5,In stock
Life,3158.0,£,Music,5,In stock
Old Records Never Die: One Man's Quest for His Vinyl and His Past,5566.0,£,Music,2,In stock
Forever Rockers (The Rocker #12),2880.0,£,Music,3,In stock
"The Coming Woman: A Novel Based on the Life of the Infamous Feminist, Victoria Woodhull",1793.0,£,Default,3,In stock
The Boys in the Boat: Nine Americans and Their Epic Quest for Gold at the 1936 Berlin Olympics,2260.0,£,Default,4,In stock
"Starving Hearts (Triangular Trade Trilogy, #1)",1399.0,£,Default,2,In stock
America's Cradle of Quarterbacks: Western Pennsylvania's Football Factory from Johnny Unitas to Joe Montana,2250.0,£,Default,3,In stock
Aladdin and His Wonderful Lamp,5313.0,£,Default,3,In stock
Penny Maybe,3329.0,£,Default,3,In stock
Maude (1883-1993):She Grew Up with the country,1802.0,£,Default,2,In stock
"The Inefficiency Assassin: Time Management Tactics for Working Smarter, Not Longer",2059.0,£,Default,5,In stock
Soul Reader,3958.0,£,Default,2,In stock
Bossypants,4946.0,£,Default,2,In stock
A World of Flavor: Your Gluten Free Passport,4295.0,£,Default,1,In stock
"A Piece of Sky, a Grain of Rice: A Memoir in Four Meditations",5676.0,£,Default,5,In stock
Tracing Numbers on a Train,4160.0,£,Default,3,In stock
Thirteen Reasons Why,5272.0,£,Default,1,In stock
The Secret (The Secret #1),2737.0,£,Default,4,In stock
The Psychopath Test: A Journey Through the Madness Industry,3600.0,£,Default,2,In stock
The Kite Runner,4182.0,£,Default,4,In stock
The Girl on the Train,5502.0,£,Default,2,In stock
The Emerald Mystery,2315.0,£,Default,2,In stock
The Bridge to Consciousness: I'm Writing the Bridge Between Science and Our Old and New Beliefs.,3200.0,£,Default,3,In stock
The Art of War,3334.0,£,Default,5,In stock
Secrets and Lace (Fatal Hearts #1),2027.0,£,Default,1,In stock
Romero and Juliet: A Tragic Tale of Love and Zombies,3694.0,£,Default,1,In stock
Poses for Artists Volume 1 - Dynamic and Sitting Poses: An Essential Reference for Figure Drawing and the Human Form,4106.0,£,Default,1,In stock
Miss Peregrineâs Home for Peculiar Children (Miss Peregrineâs Peculiar Children #1),1076.0,£,Default,1,In stock
Large Print Heart of the Pride,1915.0,£,Default,2,In stock
Grumbles,2216.0,£,Default,2,In stock
First Steps for New Christians (Print Edition),2900.0,£,Default,1,In stock
Eureka Trivia 6.0,5459.0,£,Default,4,In stock
Drive: The Surprising Truth About What Motivates Us,3495.0,£,Default,4,In stock
Done Rubbed Out (Reightman & Bailey #1),3772.0,£,Default,5,In stock
Beauty Restored (Riley Family Legacy Novellas #3),1111.0,£,Default,2,In stock
Ayumi's Violin,1548.0,£,Default,2,In stock
Anonymous,4682.0,£,Default,4,In stock
Amy Meets the Saints and Sages,1846.0,£,Default,3,In stock
Amatus,5054.0,£,Default,5,In stock
V for Vendetta (V for Vendetta Complete),3710.0,£,Default,4,In stock
"Unbroken: A World War II Story of Survival, Resilience, and Redemption",4595.0,£,Default,2,In stock
The Wright Brothers,5680.0,£,Default,4,In stock
The Songs of the Gods,4448.0,£,Default,5,In stock
The Rosie Project (Don Tillman #1),5404.0,£,Default,1,In stock
The Power of Habit: Why We Do What We Do in Life and Business,1688.0,£,Default,3,In stock
Steve Jobs,3950.0,£,Default,5,In stock
Luckiest Girl Alive,4983.0,£,Default,3,In stock
"Living Leadership by Insight: A Good Leader Achieves, a Great Leader Builds Monuments",4691.0,£,Default,4,In stock
Lady Midnight (The Dark Artifices #1),1628.0,£,Default,5,In stock
"Hush, Hush (Hush, Hush #1)",4702.0,£,Default,3,In stock
Greek Mythic History,1023.0,£,Default,5,In stock
Every Last Word,4647.0,£,Default,3,In stock
Daily Fantasy Sports,3658.0,£,Default,1,In stock
Clockwork Angel (The Infernal Devices #1),4414.0,£,Default,1,In stock
City of Fallen Angels (The Mortal Instruments #4),1123.0,£,Default,4,In stock
City of Bones (The Mortal Instruments #1),4328.0,£,Default,1,In stock
City of Ashes (The Mortal Instruments #2),4727.0,£,Default,1,In stock
"Carry On, Warrior: Thoughts on Life Unarmed",3185.0,£,Default,3,In stock
Carrie,4623.0,£,Default,2,In stock
Angels & Demons (Robert Langdon #1),5148.0,£,Default,3,In stock
"The Three Searches, Meaning, and the Story",1333.0,£,Default,3,In stock
Raspberry Pi Electronics Projects for the Evil Genius,4967.0,£,Default,4,In stock
How to Speak Golf: An Illustrated Guide to Links Lingo,5832.0,£,Default,5,In stock
Eleanor & Park,5651.0,£,Default,5,In stock
Troublemaker: Surviving Hollywood and Scientology,4839.0,£,Default,2,In stock
Adultery,2088.0,£,Default,5,In stock
Unlimited Intuition Now,5887.0,£,Default,4,In stock
Underlying Notes,1182.0,£,Default,2,In stock
The New Brand You: Your New Image Makes the Sale for You,4405.0,£,Default,5,In stock
The Flowers Lied,1668.0,£,Default,2,In stock
"NaNo What Now? Finding your editing process, revising your NaNoWriMo book and building a writing career through publishing and beyond",1041.0,£,Default,4,In stock
Modern Day Fables,4744.0,£,Default,2,In stock
The Unlikely Pilgrimage of Harold Fry (Harold Fry #1),4362.0,£,Default,5,In stock
The Martian (The Martian #1),4139.0,£,Default,2,In stock
Left Behind (Left Behind #1),4072.0,£,Default,2,In stock
John Vassos: Industrial Design for Modern Life,2022.0,£,Default,4,In stock
I'll Give You the Sun,5648.0,£,Default,1,In stock
Heaven is for Real: A Little Boy's Astounding Story of His Trip to Heaven and Back,5286.0,£,Default,2,In stock
Ender's Game (The Ender Quintet #1),4364.0,£,Default,1,In stock
Death by Leisure: A Cautionary Tale,3751.0,£,Default,4,In stock
Wildlife of New York: A Five-Borough Coloring Book,2214.0,£,Default,2,In stock
The Year of Living Biblically: One Man's Humble Quest to Follow the Bible as Literally as Possible,3472.0,£,Default,1,In stock
The Great Gatsby,3605.0,£,Default,4,In stock
The Good Girl,4903.0,£,Default,3,In stock
The 7 Habits of Highly Effective People: Powerful Lessons in Personal Change,3317.0,£,Default,4,In stock
Steal Like an Artist: 10 Things Nobody Told You About Being Creative,2090.0,£,Default,2,In stock
Life of Pi,1322.0,£,Default,4,In stock
The Sound Of Love,5784.0,£,Default,5,In stock
The Perks of Being a Wallflower,5502.0,£,Default,3,In stock
The Makings of a Fatherless Child,3158.0,£,Default,2,In stock
The Hobbit (Middle-Earth Universe),1780.0,£,Default,5,In stock
The Fellowship of the Ring (The Lord of the Rings #1),1027.0,£,Default,2,In stock
Ship Leaves Harbor: Essays on Travel by a Recovering Journeyman,3060.0,£,Default,3,In stock
Musicophilia: Tales of Music and the Brain,4658.0,£,Default,1,In stock
What If?: Serious Scientific Answers to Absurd Hypothetical Questions,5368.0,£,Default,4,In stock
The Fault in Our Stars,4722.0,£,Default,1,In stock
The Dream Thieves (The Raven Cycle #2),3450.0,£,Default,1,In stock
The 5th Wave (The 5th Wave #1),1183.0,£,Default,2,In stock
Shiver (The Wolves of Mercy Falls #1),1623.0,£,Default,5,In stock
Remember Me?,1148.0,£,Default,3,In stock
If I Stay (If I Stay #1),3813.0,£,Default,5,In stock
I Know Why the Caged Bird Sings (Maya Angelou's Autobiography #1),3655.0,£,Default,2,In stock
Harry Potter and the Deathly Hallows (Harry Potter #7),2332.0,£,Default,1,In stock
Fool Me Once,1696.0,£,Default,1,In stock
Drama,3870.0,£,Default,2,In stock
"Blue Lily, Lily Blue (The Raven Cycle #3)",3413.0,£,Default,5,In stock
Alight (The Generations Trilogy #2),5859.0,£,Default,4,In stock
Vogue Colors A to Z: A Fashion Coloring Book,5235.0,£,Default,4,In stock
The Shining (The Shining #1),2788.0,£,Default,3,In stock
The Hunger Games (The Hunger Games #1),2985.0,£,Default,5,In stock
Outlander (Outlander #1),1967.0,£,Default,5,In stock
Mockingjay (The Hunger Games #3),2044.0,£,Default,4,In stock
Harry Potter and the Sorcerer's Stone (Harry Potter #1),1390.0,£,Default,3,In stock
Confessions of a Shopaholic (Shopaholic #1),4894.0,£,Default,2,In stock
Zero History (Blue Ant #3),3477.0,£,Default,1,In stock
World War Z: An Oral History of the Zombie War,2180.0,£,Default,1,In stock
Wild: From Lost to Found on the Pacific Crest Trail,4602.0,£,Default,3,In stock
"Where'd You Go, Bernadette",1813.0,£,Default,1,In stock
Twilight (Twilight #1),4193.0,£,Default,2,In stock
The Paris Wife,3680.0,£,Default,3,In stock
The Maze Runner (The Maze Runner #1),2093.0,£,Default,1,In stock
The Lover's Dictionary,5809.0,£,Default,2,In stock
The Goldfinch,4358.0,£,Default,3,In stock
The Giver (The Giver Quartet #1),1230.0,£,Default,1,In stock
The Girl Who Played with Fire (Millennium Trilogy #2),2214.0,£,Default,2,In stock
The Demon-Haunted World: Science as a Candle in the Dark,5225.0,£,Default,4,In stock
The Book Thief,5349.0,£,Default,2,In stock
The Autobiography of Malcolm X,2343.0,£,Default,2,In stock
Shopaholic & Baby (Shopaholic #5),4645.0,£,Default,2,In stock
Quiet: The Power of Introverts in a World That Can't Stop Talking,4355.0,£,Default,1,In stock
Packing for Mars: The Curious Science of Life in the Void,5668.0,£,Default,2,In stock
Orange Is the New Black,2461.0,£,Default,2,In stock
One for the Money (Stephanie Plum #1),3287.0,£,Default,2,In stock
Morning Star (Red Rising #3),2940.0,£,Default,1,In stock
Life After Life,2613.0,£,Default,2,In stock
"Lean In: Women, Work, and the Will to Lead",2502.0,£,Default,1,In stock
Is Everyone Hanging Out Without Me? (And Other Concerns),2011.0,£,Default,3,In stock
Gone Girl,3760.0,£,Default,5,In stock
Fellside,3862.0,£,Default,1,In stock
Eclipse (Twilight #3),1874.0,£,Default,1,In stock
Dracula,5262.0,£,Default,3,In stock
Dead Wake: The Last Crossing of the Lusitania,3924.0,£,Default,5,In stock
"David and Goliath: Underdogs, Misfits, and the Art of Battling Giants",1781.0,£,Default,1,In stock
Dark Places,2390.0,£,Default,5,In stock
Breaking Dawn (Twilight #4),3528.0,£,Default,5,In stock
Beautiful Creatures (Caster Chronicles #1),2155.0,£,Default,5,In stock
A Visit from the Goon Squad,1408.0,£,Default,5,In stock
The Zombie Room,1969.0,£,Default,5,In stock
The Name of the Wind (The Kingkiller Chronicle #1),5059.0,£,Default,3,In stock
Taking Shots (Assassins #1),1888.0,£,Default,2,In stock
Shatter Me (Shatter Me #1),4240.0,£,Default,1,In stock
Paradise Lost (Paradise #1),2496.0,£,Default,1,In stock
On the Road (Duluoz Legend),3236.0,£,Default,3,In stock
Jane Eyre,3843.0,£,Default,5,In stock
Frankenstein,3800.0,£,Default,2,In stock
Mesaerion: The Best Science Fiction Stories 1800-1849,3759.0,£,Science Fiction,1,In stock
Join,3567.0,£,Science Fiction,5,In stock
"William Shakespeare's Star Wars: Verily, A New Hope (William Shakespeare's Star Wars #4)",4330.0,£,Science Fiction,4,In stock
The Project,1065.0,£,Science Fiction,1,In stock
Soft Apocalypse,2612.0,£,Science Fiction,2,In stock
Sleeping Giants (Themis Files #1),4874.0,£,Science Fiction,1,In stock
Arena,2136.0,£,Science Fiction,4,In stock
Foundation (Foundation (Publication Order) #1),3242.0,£,Science Fiction,1,In stock
The Restaurant at the End of the Universe (Hitchhiker's Guide to the Galaxy #2),1092.0,£,Science Fiction,1,In stock
Ready Player One,1907.0,£,Science Fiction,4,In stock
"Life, the Universe and Everything (Hitchhiker's Guide to the Galaxy #3)",3326.0,£,Science Fiction,2,In stock
Dune (Dune #1),5486.0,£,Science Fiction,1,In stock
Do Androids Dream of Electric Sheep? (Blade Runner #1),5148.0,£,Science Fiction,1,In stock
Three Wishes (River of Time: California #1),4418.0,£,Science Fiction,2,In stock
The Last Girl (The Dominion Trilogy #1),3626.0,£,Science Fiction,2,In stock
Having the Barbarian's Baby (Ice Planet Barbarians #7.5),3496.0,£,Science Fiction,4,In stock
The Book of Basketball: The NBA According to The Sports Guy,4484.0,£,Sports and Games,5,In stock
"Friday Night Lights: A Town, a Team, and a Dream",5122.0,£,Sports and Games,3,In stock
Sugar Rush (Offensive Line #2),2442.0,£,Sports and Games,1,In stock
Settling the Score (The Summer Games #1),4491.0,£,Sports and Games,2,In stock
Icing (Aces Hockey #2),4044.0,£,Sports and Games,4,In stock
The Torch Is Passed: A Harding Family Story,1909.0,£,Add a comment,1,In stock
"The Mindfulness and Acceptance Workbook for Anxiety: A Guide to Breaking Free from Anxiety, Phobias, and Worry Using Acceptance and Commitment Therapy",2389.0,£,Add a comment,4,In stock
The Art Forger,4076.0,£,Add a comment,3,In stock
On a Midnight Clear,1407.0,£,Add a comment,3,In stock
Judo: Seven Steps to Black Belt (an Introductory Guide for Beginners),5390.0,£,Add a comment,2,In stock
"Shobu Samurai, Project Aryoku (#3)",2906.0,£,Add a comment,3,In stock
Modern Romance,2826.0,£,Add a comment,5,In stock
The White Queen (The Cousins' War #1),2591.0,£,Add a comment,5,In stock
The Song of Achilles,3740.0,£,Add a comment,5,In stock
The Immortal Life of Henrietta Lacks,4067.0,£,Add a comment,2,In stock
The Dovekeepers,4878.0,£,Add a comment,1,In stock
More Than Music (Chasing the Dream #1),3761.0,£,Add a comment,2,In stock
Code Name Verity (Code Name Verity #1),2213.0,£,Add a comment,4,In stock
Cell,2029.0,£,Add a comment,4,In stock
Angels Walking (Angels Walking #1),3420.0,£,Add a comment,2,In stock
"A Series of Catastrophes and Miracles: A True Story of Love, Science, and Cancer",5648.0,£,Add a comment,2,In stock
A People's History of the United States,4079.0,£,Add a comment,2,In stock
A Brush of Wings (Angels Walking #3),5551.0,£,Add a comment,1,In stock
Rook,3786.0,£,Add a comment,4,In stock
The Midnight Watch: A Novel of the Titanic and the Californian,2620.0,£,Add a comment,1,In stock
The Gray Rhino: How to Recognize and Act on the Obvious Dangers We Ignore,5915.0,£,Add a comment,4,In stock
The Children,1188.0,£,Add a comment,3,In stock
One with You (Crossfire #5),1571.0,£,Add a comment,4,In stock
Without Shame,4827.0,£,Add a comment,5,In stock
Watchmen,5805.0,£,Add a comment,4,In stock
A Hero's Curse (The Unseen Chronicles #1),5049.0,£,Add a comment,3,In stock
23 Degrees South: A Tropical Tale of Changing Whether...,3579.0,£,Add a comment,2,In stock
The Glass Castle,1624.0,£,Add a comment,1,In stock
The Drowning Girls,3567.0,£,Add a comment,3,In stock
Team of Rivals: The Political Genius of Abraham Lincoln,2012.0,£,Add a comment,5,In stock
John Adams,5743.0,£,Add a comment,4,In stock
Good in Bed (Cannie Shapiro #1),3705.0,£,Add a comment,5,In stock
The Joy of Cooking,4327.0,£,Add a comment,4,In stock
The Golden Compass (His Dark Materials #1),1877.0,£,Add a comment,1,In stock
The God Delusion,4685.0,£,Add a comment,3,In stock
Pride and Prejudice,1927.0,£,Add a comment,4,In stock
Mere Christianity,4851.0,£,Add a comment,3,In stock
Fun Home: A Family Tragicomic,5659.0,£,Add a comment,4,In stock
The Raven King (The Raven Cycle #4),3057.0,£,Add a comment,2,In stock
Find Her (Detective D.D. Warren #8),2237.0,£,Add a comment,1,In stock
Evicted: Poverty and Profit in the American City,4227.0,£,Add a comment,1,In stock
A Game of Thrones (A Song of Ice and Fire #1),4642.0,£,Add a comment,2,In stock
A Clash of Kings (A Song of Ice and Fire #2),1079.0,£,Add a comment,3,In stock
The Tipping Point: How Little Things Can Make a Big Difference,1002.0,£,Add a comment,2,In stock
The Rest Is Noise: Listening to the Twentieth Century,3477.0,£,Add a comment,1,In stock
The Purpose Driven Life: What on Earth Am I Here for?,3719.0,£,Add a comment,3,In stock
The Hitchhiker's Guide to the Galaxy (Hitchhiker's Guide to the Galaxy #1),4780.0,£,Add a comment,3,In stock
The Girl Who Kicked the Hornet's Nest (Millennium Trilogy #3),5748.0,£,Add a comment,1,In stock
"The End of Faith: Religion, Terror, and the Future of Reason",2213.0,£,Add a comment,4,In stock
The Complete Poems,4132.0,£,Add a comment,5,In stock
The Catcher in the Rye,2455.0,£,Add a comment,1,In stock
The Case for Christ (Cases for Christianity),4784.0,£,Add a comment,1,In stock
The Blind Side: Evolution of a Game,5371.0,£,Add a comment,5,In stock
Seven Days in the Art World,5233.0,£,Add a comment,2,In stock
Sarah's Key,4629.0,£,Add a comment,1,In stock
Rogue Lawyer (Rogue Lawyer #1),5011.0,£,Add a comment,3,In stock
Manuscript Found in Accra,3498.0,£,Add a comment,2,In stock
Fire Bound (Sea Haven/Sisters of the Heart #5),2128.0,£,Add a comment,4,In stock
Cosmos,3617.0,£,Add a comment,2,In stock
#GIRLBOSS,5096.0,£,Add a comment,1,In stock
The Sense of an Ending,3138.0,£,Add a comment,3,In stock
The Republic,3378.0,£,Add a comment,3,In stock
The Odyssey,2964.0,£,Add a comment,3,In stock
The Light of the Fireflies,5443.0,£,Add a comment,1,In stock
The Iliad,1616.0,£,Add a comment,1,In stock
The Communist Manifesto,1476.0,£,Add a comment,3,In stock
Lord of the Flies,2489.0,£,Add a comment,3,In stock
Unicorn Tracks,1878.0,£,Fantasy,3,In stock
"Saga, Volume 6 (Saga (Collected Editions) #6)",2502.0,£,Fantasy,3,In stock
Princess Between Worlds (Wide-Awake Princess #5),1334.0,£,Fantasy,5,In stock
Masks and Shadows,5640.0,£,Fantasy,2,In stock
Crown of Midnight (Throne of Glass #2),4329.0,£,Fantasy,3,In stock
"Avatar: The Last Airbender: Smoke and Shadow, Part 3 (Smoke and Shadow #3)",2809.0,£,Fantasy,2,In stock
A Court of Thorns and Roses (A Court of Thorns and Roses #1),5237.0,£,Fantasy,1,In stock
Throne of Glass (Throne of Glass #1),3507.0,£,Fantasy,3,In stock
The Glittering Court (The Glittering Court #1),4428.0,£,Fantasy,1,In stock
Hollow City (Miss Peregrineâs Peculiar Children #2),4298.0,£,Fantasy,1,In stock
The Star-Touched Queen,4602.0,£,Fantasy,5,In stock
The Hidden Oracle (The Trials of Apollo #1),5226.0,£,Fantasy,2,In stock
The Bane Chronicles (The Bane Chronicles #1-11),4473.0,£,Fantasy,4,In stock
Island of Dragons (Unwanteds #7),2965.0,£,Fantasy,1,In stock
Demigods & Magicians: Percy and Annabeth Meet the Kanes (Percy Jackson & Kane Chronicles Crossover #1-3),3751.0,£,Fantasy,5,In stock
City of Glass (The Mortal Instruments #3),5602.0,£,Fantasy,4,In stock
Searching for Meaning in Gailana,3873.0,£,Fantasy,1,In stock
The Star-Touched Queen,3230.0,£,Fantasy,5,In stock
A Shard of Ice (The Black Symphony Saga #1),5663.0,£,Fantasy,3,In stock
King's Folly (The Kinsman Chronicles #1),3961.0,£,Fantasy,5,In stock
Every Heart a Doorway (Every Heart A Doorway #1),1216.0,£,Fantasy,5,In stock
A Gathering of Shadows (Shades of Magic #2),4481.0,£,Fantasy,4,In stock
The Raven Boys (The Raven Cycle #1),5774.0,£,Fantasy,4,In stock
The False Prince (The Ascendance Trilogy #1),5600.0,£,Fantasy,5,In stock
Tell the Wind and Fire,4551.0,£,Fantasy,3,In stock
A Feast for Crows (A Song of Ice and Fire #4),1721.0,£,Fantasy,4,In stock
The Demonists (Demonist #1),5211.0,£,Fantasy,2,In stock
The Beast (Black Dagger Brotherhood #14),4608.0,£,Fantasy,5,In stock
Paper and Fire (The Great Library #2),4945.0,£,Fantasy,5,In stock
Harry Potter and the Order of the Phoenix (Harry Potter #5),3163.0,£,Fantasy,4,In stock
Harry Potter and the Half-Blood Prince (Harry Potter #6),4875.0,£,Fantasy,5,In stock
Harry Potter and the Chamber of Secrets (Harry Potter #2),1474.0,£,Fantasy,1,In stock
The Rose & the Dagger (The Wrath and the Dawn #2),5864.0,£,Fantasy,4,In stock
Soldier (Talon #3),2472.0,£,Fantasy,2,In stock
Midnight Riot (Peter Grant/ Rivers of London - books #1),5546.0,£,Fantasy,2,In stock
Heir to the Sky,4407.0,£,Fantasy,4,In stock
Eragon (The Inheritance Cycle #1),4387.0,£,Fantasy,3,In stock
Darkfever (Fever #1),5602.0,£,Fantasy,1,In stock
Ash,2206.0,£,Fantasy,4,In stock
A Storm of Swords (A Song of Ice and Fire #3),3122.0,£,Fantasy,2,In stock
Vampire Girl (Vampire Girl #1),5382.0,£,Fantasy,2,In stock
The Silent Twin (Detective Jennifer Knight #3),3625.0,£,Fantasy,3,In stock
The Mirror & the Maze (The Wrath and the Dawn #1.5),2938.0,£,Fantasy,1,In stock
Sister Sable (The Mad Queen #1),1333.0,£,Fantasy,3,In stock
Shadow Rites (Jane Yellowrock #10),2172.0,£,Fantasy,4,In stock
Origins (Alphas 0.5),2899.0,£,Fantasy,1,In stock
One Second (Seven #7),5294.0,£,Fantasy,2,In stock
Myriad (Prentor #1),5875.0,£,Fantasy,4,In stock
Without Borders (Wanderlove #1),4507.0,£,New Adult,2,In stock
The Mistake (Off-Campus #2),4329.0,£,New Adult,3,In stock
The Matchmaker's Playbook (Wingmen Inc. #1),5585.0,£,New Adult,1,In stock
The Hook Up (Game On #1),3629.0,£,New Adult,5,In stock
Shameless,5835.0,£,New Adult,3,In stock
Off Sides (Off #1),3945.0,£,New Adult,5,In stock
The Requiem Red,2265.0,£,Young Adult,1,In stock
Set Me Free,1746.0,£,Young Adult,5,In stock
The Natural History of Us (The Fine Art of Pretending #2),4522.0,£,Young Adult,3,In stock
Obsidian (Lux #1),1486.0,£,Young Adult,2,In stock
Burning,2881.0,£,Young Adult,3,In stock
A Fierce and Subtle Poison,2813.0,£,Young Adult,4,In stock
Scarlett Epstein Hates It Here,4355.0,£,Young Adult,5,In stock
"Nightingale, Sing",3828.0,£,Young Adult,1,In stock
Library of Souls (Miss Peregrineâs Peculiar Children #3),4856.0,£,Young Adult,5,In stock
Frostbite (Vampire Academy #2),2999.0,£,Young Adult,5,In stock
Wild Swans,1436.0,£,Young Adult,2,In stock
Until Friday Night (The Field Party #1),4631.0,£,Young Adult,2,In stock
This Is Where It Ends,2712.0,£,Young Adult,2,In stock
The Darkest Lie,3535.0,£,Young Adult,5,In stock
My Kind of Crazy,4036.0,£,Young Adult,1,In stock
Don't Get Caught,5535.0,£,Young Adult,1,In stock
Catching Jordan (Hundred Oaks),5083.0,£,Young Adult,3,In stock
Aristotle and Dante Discover the Secrets of the Universe (Aristotle and Dante Discover the Secrets of the Universe #1),5814.0,£,Young Adult,4,In stock
The Epidemic (The Program 0.6),1444.0,£,Young Adult,5,In stock
Stars Above (The Lunar Chronicles #4.5),4805.0,£,Young Adult,2,In stock
No Love Allowed (Dodge Cove #1),5465.0,£,Young Adult,4,In stock
"Exit, Pursued by a Bear",5134.0,£,Young Adult,4,In stock
The Alien Club,5440.0,£,Young Adult,1,In stock
Don't Forget Steven,3323.0,£,Young Adult,1,In stock
South of Sunshine,2893.0,£,Young Adult,1,In stock
My Life Next Door (My Life Next Door ),3639.0,£,Young Adult,5,In stock
Future Shock (Future Shock #1),5565.0,£,Young Adult,5,In stock
Nightstruck: A Novel,5035.0,£,Young Adult,4,In stock
Tell the Wolves I'm Home,5096.0,£,Young Adult,2,In stock
"Will Grayson, Will Grayson (Will Grayson, Will Grayson)",4731.0,£,Young Adult,4,In stock
Where She Went (If I Stay #2),4173.0,£,Young Adult,4,In stock
Two Summers,1464.0,£,Young Adult,1,In stock
The Darkest Corners,1133.0,£,Young Adult,5,In stock
Tell Me Three Things,4181.0,£,Young Adult,1,In stock
Lola and the Boy Next Door (Anna and the French Kiss #2),2363.0,£,Young Adult,4,In stock
Kill the Boy Band,1552.0,£,Young Adult,5,In stock
Isla and the Happily Ever After (Anna and the French Kiss #3),4813.0,£,Young Adult,5,In stock
An Abundance of Katherines,1000.0,£,Young Adult,5,In stock
Harry Potter and the Prisoner of Azkaban (Harry Potter #3),2417.0,£,Young Adult,4,In stock
Walk the Edge (Thunder Road #2),3236.0,£,Young Adult,3,In stock
Two Boys Kissing,3274.0,£,Young Adult,2,In stock
The New Guy (and Other Senior Year Distractions),4492.0,£,Young Adult,3,In stock
"The Land of 10,000 Madonnas",2964.0,£,Young Adult,4,In stock
Scarlet (The Lunar Chronicles #2),1457.0,£,Young Adult,4,In stock
Legend (Legend #1),4369.0,£,Young Adult,4,In stock
Lady Renegades (Rebel Belle #3),5304.0,£,Young Adult,5,In stock
Golden (Heart of Dread #3),4221.0,£,Young Adult,4,In stock
Cinder (The Lunar Chronicles #1),2609.0,£,Young Adult,1,In stock
Boy Meets Boy,2112.0,£,Young Adult,3,In stock
Annie on My Mind,3683.0,£,Young Adult,5,In stock
New Moon (Twilight #2),1286.0,£,Young Adult,4,In stock
Girl Online On Tour (Girl Online #2),5347.0,£,Young Adult,1,In stock
The Haters,2789.0,£,Young Adult,5,In stock
The Art of Not Breathing,4083.0,£,Young Adult,4,In stock
The Most Perfect Thing: Inside (and Outside) a Bird's Egg,4296.0,£,Science,4,In stock
Immunity: How Elie Metchnikoff Changed the Course of Modern Medicine,5736.0,£,Science,5,In stock
Sorting the Beef from the Bull: The Science of Food Fraud Forensics,4474.0,£,Science,4,In stock
Tipping Point for Planet Earth: How Close Are We to the Edge?,3755.0,£,Science,1,In stock
"The Fabric of the Cosmos: Space, Time, and the Texture of Reality",5591.0,£,Science,1,In stock
Diary of a Citizen Scientist: Chasing Tiger Beetles and Other New Ways of Engaging the World,2841.0,£,Science,1,In stock
The Origin of Species,1001.0,£,Science,4,In stock
The Grand Design,1376.0,£,Science,3,In stock
Peak: Secrets from the New Science of Expertise,1628.0,£,Science,2,In stock
"The Elegant Universe: Superstrings, Hidden Dimensions, and the Quest for the Ultimate Theory",1303.0,£,Science,4,In stock
"The Disappearing Spoon: And Other True Tales of Madness, Love, and the History of the World from the Periodic Table of the Elements",5735.0,£,Science,5,In stock
"Surely You're Joking, Mr. Feynman!: Adventures of a Curious Character",2583.0,£,Science,2,In stock
Seven Brief Lessons on Physics,3060.0,£,Science,4,In stock
The Selfish Gene,2945.0,£,Science,1,In stock
A Light in the Attic,5177.0,£,Poetry,3,In stock
The Black Maria,5215.0,£,Poetry,1,In stock
Shakespeare's Sonnets,2066.0,£,Poetry,4,In stock
Olio,2388.0,£,Poetry,1,In stock
You can't bury them all: Poems,3363.0,£,Poetry,2,In stock
Slow States of Collapse: Poems,5731.0,£,Poetry,3,In stock
Untitled Collection: Sabbath Poems 2014,1427.0,£,Poetry,4,In stock
Poems That Make Grown Women Cry,1419.0,£,Poetry,4,In stock
Night Sky with Exit Wounds,4105.0,£,Poetry,1,In stock
salt.,4678.0,£,Poetry,4,In stock
"Quarter Life Poetry: Poems for the Young, Broke and Hangry",5089.0,£,Poetry,5,In stock
Out of Print: City Lights Spotlight No. 14,5364.0,£,Poetry,5,In stock
Les Fleurs du Mal,2904.0,£,Poetry,5,In stock
Howl and Other Poems,4045.0,£,Poetry,2,In stock
Leave This Song Behind: Teen Poetry at Its Best,5117.0,£,Poetry,5,In stock
The Collected Poems of W.B. Yeats (The Collected Works of W.B. Yeats #1),1542.0,£,Poetry,5,In stock
The Crossover,3877.0,£,Poetry,4,In stock
Booked,1749.0,£,Poetry,5,In stock
Twenty Love Poems and a Song of Despair,3095.0,£,Poetry,4,In stock
"Vampire Knight, Vol. 1 (Vampire Knight #1)",1540.0,£,Paranormal,1,In stock
Wall and Piece,4418.0,£,Art,4,In stock
Feathers: Displays of Brilliant Plumage,4905.0,£,Art,3,In stock
Art and Fear: Observations on the Perils (and Rewards) of Artmaking,4863.0,£,Art,4,In stock
The New Drawing on the Right Side of the Brain,4302.0,£,Art,3,In stock
History of Beauty,1029.0,£,Art,4,In stock
The Story of Art,4114.0,£,Art,4,In stock
The Art Book,3234.0,£,Art,2,In stock
Ways of Seeing,3951.0,£,Art,5,In stock
The Lucifer Effect: Understanding How Good People Turn Evil,1040.0,£,Psychology,1,In stock
The Golden Condom: And Other Essays on Love Lost and Found,3943.0,£,Psychology,1,In stock
It Didn't Start with You: How Inherited Family Trauma Shapes Who We Are and How to End the Cycle,5627.0,£,Psychology,3,In stock
An Unquiet Mind: A Memoir of Moods and Madness,2130.0,£,Psychology,3,In stock
"Thinking, Fast and Slow",2114.0,£,Psychology,1,In stock
Civilization and Its Discontents,5995.0,£,Psychology,2,In stock
8 Keys to Mental Health Through Exercise,3104.0,£,Psychology,1,In stock
The Argonauts,1093.0,£,Autobiography,2,In stock
M Train,2718.0,£,Autobiography,1,In stock
Lab Girl,4085.0,£,Autobiography,1,In stock
Approval Junkie: Adventures in Caring Too Much,5881.0,£,Autobiography,5,In stock
Running with Scissors,1291.0,£,Autobiography,4,In stock
Me Talk Pretty One Day,5760.0,£,Autobiography,2,In stock
Lust & Wonder,1187.0,£,Autobiography,2,In stock
Life Without a Recipe,5904.0,£,Autobiography,5,In stock
A Heartbreaking Work of Staggering Genius,5429.0,£,Autobiography,5,In stock
Catastrophic Happiness: Finding Joy in Childhood's Messy Years,3735.0,£,Parenting,2,In stock
Fifty Shades Freed (Fifty Shades #3),1536.0,£,Adult Fiction,5,In stock
The Long Haul (Diary of a Wimpy Kid #9),4407.0,£,Humor,1,In stock
Old School (Diary of a Wimpy Kid #10),1183.0,£,Humor,5,In stock
I Know What I'm Doing -- and Other Lies I Tell Myself: Dispatches from a Life Under Construction,2598.0,£,Humor,4,In stock
"Hyperbole and a Half: Unfortunate Situations, Flawed Coping Mechanisms, Mayhem, and Other Things That Happened",1475.0,£,Humor,5,In stock
Dress Your Family in Corduroy and Denim,4368.0,£,Humor,3,In stock
Toddlers Are A**holes: It's Not Your Fault,2555.0,£,Humor,1,In stock
When You Are Engulfed in Flames,3089.0,£,Humor,5,In stock
Naked,3169.0,£,Humor,3,In stock
"Lamb: The Gospel According to Biff, Christ's Childhood Pal",5550.0,£,Humor,5,In stock
Holidays on Ice,5107.0,£,Humor,2,In stock
Security,3925.0,£,Horror,2,In stock
Follow You Home,2136.0,£,Horror,1,In stock
The Loney,2340.0,£,Horror,1,In stock
Pet Sematary,1056.0,£,Horror,3,In stock
Doctor Sleep (The Shining #2),4012.0,£,Horror,2,In stock
Psycho: Sanitarium (Psycho #1.5),3697.0,£,Horror,5,In stock
Can You Keep a Secret? (Fear Street Relaunch #4),4864.0,£,Horror,1,In stock
Red Dragon (Hannibal Lecter #1),2337.0,£,Horror,3,In stock
Dracula the Un-Dead,3563.0,£,Horror,5,In stock
Night Shift (Night Shift #1-20),1275.0,£,Horror,4,In stock
Needful Things,4751.0,£,Horror,4,In stock
Misery,3479.0,£,Horror,2,In stock
It,2501.0,£,Horror,3,In stock
'Salem's Lot,4956.0,£,Horror,4,In stock
The Stand,5786.0,£,Horror,2,In stock
The Girl with All the Gifts,4947.0,£,Horror,3,In stock
House of Leaves,5489.0,£,Horror,1,In stock
Sapiens: A Brief History of Humankind,5423.0,£,History,5,In stock
"Unbound: How Eight Technologies Made Us Human, Transformed Society, and Brought Our World to the Brink",2552.0,£,History,1,In stock
The Age of Genius: The Seventeenth Century and the Birth of the Modern Mind,1973.0,£,History,1,In stock
"Political Suicide: Missteps, Peccadilloes, Bad Calls, Backroom Hijinx, Sordid Pasts, Rotten Breaks, and Just Plain Dumb Mistakes in the Annals of American Politics",3628.0,£,History,2,In stock
Thomas Jefferson and the Tripoli Pirates: The Forgotten War That Changed American History,5964.0,£,History,1,In stock
Zealot: The Life and Times of Jesus of Nazareth,2470.0,£,History,3,In stock
A Distant Mirror: The Calamitous 14th Century,1458.0,£,History,3,In stock
1491: New Revelations of the Americas Before Columbus,2180.0,£,History,3,In stock
Brilliant Beacons: A History of the American Lighthouse,1145.0,£,History,3,In stock
"""Most Blessed of the Patriarchs"": Thomas Jefferson and the Empire of the Imagination",4448.0,£,History,5,In stock
A Short History of Nearly Everything,5240.0,£,History,5,In stock
The Rise and Fall of the Third Reich: A History of Nazi Germany,3967.0,£,History,2,In stock
Catherine the Great: Portrait of a Woman,5855.0,£,History,4,In stock
The Mathews Men: Seven Brothers and the War Against Hitler's U-boats,4291.0,£,History,5,In stock
The Hiding Place,5591.0,£,History,4,In stock
America's War for the Greater Middle East: A Military History,5122.0,£,History,2,In stock
The Guns of August,1454.0,£,History,2,In stock
"House of Lost Worlds: Dinosaurs, Dynasties, and the Story of Life on Earth",4370.0,£,History,2,In stock
"Foolproof Preserving: A Guide to Small Batch Jams, Jellies, Pickles, Condiments, and More: A Foolproof Guide to Making Small Batch Jams, Jellies, Pickles, Condiments, and More",3052.0,£,Food and Drink,3,In stock
"The Pioneer Woman Cooks: Dinnertime: Comfort Classics, Freezer Food, 16-Minute Meals, and Other Delicious Ways to Solve Supper!",5641.0,£,Food and Drink,1,In stock
My Paris Kitchen: Recipes and Stories,3337.0,£,Food and Drink,2,In stock
"Mama Tried: Traditional Italian Cooking for the Screwed, Crude, Vegan, and Tattooed",1402.0,£,Food and Drink,4,In stock
"Layered: Baking, Building, and Styling Spectacular Cakes",4011.0,£,Food and Drink,1,In stock
The Nerdy Nummies Cookbook: Sweet Treats for the Geek in All of Us,3734.0,£,Food and Drink,5,In stock
The Love and Lemons Cookbook: An Apple-to-Zucchini Celebration of Impromptu Cooking,3760.0,£,Food and Drink,2,In stock
The Cookies & Cups Cookbook: 125+ sweet & savory recipes reminding you to Always Eat Dessert First,4125.0,£,Food and Drink,1,In stock
"Deliciously Ella Every Day: Quick and Easy Recipes for Gluten-Free Snacks, Packed Lunches, and Simple Meals",4216.0,£,Food and Drink,3,In stock
The Help Yourself Cookbook for Kids: 60 Easy Plant-Based Recipes Kids Can Make to Stay Healthy and Save the Earth,2877.0,£,Food and Drink,3,In stock
"It's All Easy: Healthy, Delicious Weeknight Meals in under 30 Minutes",1955.0,£,Food and Drink,1,In stock
Barefoot Contessa Back to Basics,2801.0,£,Food and Drink,1,In stock
Barefoot Contessa at Home: Everyday Recipes You'll Make Over and Over Again,5062.0,£,Food and Drink,5,In stock
My Kitchen Year: 136 Recipes That Saved My Life,1153.0,£,Food and Drink,2,In stock
Everyday Italian: 125 Simple and Delicious Recipes,2010.0,£,Food and Drink,5,In stock
"A la Mode: 120 Recipes in 60 Pairings: Pies, Tarts, Cakes, Crisps, and More Topped with Ice Cream, Gelato, Frozen Custard, and More",3877.0,£,Food and Drink,1,In stock
Cravings: Recipes for What You Want to Eat,2050.0,£,Food and Drink,3,In stock
"The Moosewood Cookbook: Recipes from Moosewood Restaurant, Ithaca, New York",1234.0,£,Food and Drink,4,In stock
32 Yolks,5363.0,£,Food and Drink,2,In stock
"Naturally Lean: 125 Nourishing Gluten-Free, Plant-Based Recipes--All Under 300 Calories",1138.0,£,Food and Drink,5,In stock
How to Cook Everything Vegetarian: Simple Meatless Recipes for Great Food (How to Cook Everything),4601.0,£,Food and Drink,4,In stock
How to Be a Domestic Goddess: Baking and the Art of Comfort Cooking,2825.0,£,Food and Drink,2,In stock
The Barefoot Contessa Cookbook,5992.0,£,Food and Drink,5,In stock
Better Homes and Gardens New Cook Book,3961.0,£,Food and Drink,3,In stock
The Power Greens Cookbook: 140 Delicious Superfood Recipes,1105.0,£,Food and Drink,5,In stock
Mexican Today: New and Rediscovered Recipes for Contemporary Kitchens,2491.0,£,Food and Drink,5,In stock
Vegan Vegetarian Omnivore: Dinner for Everyone at the Table,1366.0,£,Food and Drink,2,In stock
The Smitten Kitchen Cookbook,2359.0,£,Food and Drink,1,In stock
"The Art of Simple Food: Notes, Lessons, and Recipes from a Delicious Revolution",3432.0,£,Food and Drink,3,In stock
Hungry Girl Clean & Hungry: Easy All-Natural Recipes for Healthy Eating in the Real World,3314.0,£,Food and Drink,3,In stock
Redeeming Love,2047.0,£,Christian Fiction,5,In stock
Close to You,4946.0,£,Christian Fiction,4,In stock
Shadows of the Past (Logan Point #1),3967.0,£,Christian Fiction,5,In stock
Like Never Before (Walker Family #2),2877.0,£,Christian Fiction,2,In stock
Counted With the Stars (Out from Egypt #1),1797.0,£,Christian Fiction,5,In stock
If I Run (If I Run #1),4997.0,£,Christian Fiction,4,In stock
The Dirty Little Secrets of Getting Your Dream Job,3334.0,£,Business,4,In stock
The Third Wave: An Entrepreneurâs Vision of the Future,1261.0,£,Business,5,In stock
The 10% Entrepreneur: Live Your Startup Dream Without Quitting Your Day Job,2755.0,£,Business,3,In stock
Shoe Dog: A Memoir by the Creator of NIKE,2399.0,£,Business,2,In stock
Made to Stick: Why Some Ideas Survive and Others Die,3885.0,£,Business,5,In stock
Quench Your Own Thirst: Business Lessons Learned Over a Beer or Two,4314.0,£,Business,1,In stock
The Art of Startup Fundraising,2100.0,£,Business,3,In stock
Born for This: How to Find the Work You Were Meant to Do,2159.0,£,Business,5,In stock
The E-Myth Revisited: Why Most Small Businesses Don't Work and What to Do About It,3691.0,£,Business,1,In stock
"Rich Dad, Poor Dad",5174.0,£,Business,1,In stock
The Lean Startup: How Today's Entrepreneurs Use Continuous Innovation to Create Radically Successful Businesses,3392.0,£,Business,3,In stock
Rework,4488.0,£,Business,2,In stock
Louisa: The Extraordinary Life of Mrs. Adams,1685.0,£,Biography,2,In stock
"Setting the World on Fire: The Brief, Astonishing Life of St. Catherine of Siena",2115.0,£,Biography,2,In stock
The Faith of Christopher Hitchens: The Restless Soul of the World's Most Notorious Atheist,3955.0,£,Biography,1,In stock
Benjamin Franklin: An American Life,4819.0,£,Biography,3,In stock
The Rise of Theodore Roosevelt (Theodore Roosevelt #1),4257.0,£,Biography,3,In stock
In Her Wake,1284.0,£,Thriller,1,In stock
The Elephant Tree,2382.0,£,Thriller,5,In stock
Behind Closed Doors,5222.0,£,Thriller,4,In stock
You (You #1),4361.0,£,Thriller,5,In stock
The Guilty (Will Robie #4),1382.0,£,Thriller,2,In stock
The 14th Colony (Cotton Malone #11),3924.0,£,Thriller,1,In stock
Give It Back,1832.0,£,Thriller,2,In stock
Killing Floor (Jack Reacher #1),3149.0,£,Thriller,4,In stock
The Bone Hunters (Lexy Vaughan & Steven Macaulay #2),5971.0,£,Thriller,3,In stock
Far From True (Promise Falls Trilogy #2),3493.0,£,Thriller,2,In stock
The Travelers,1577.0,£,Thriller,1,In stock
When We Collided,3177.0,£,Contemporary,1,In stock
Someone Like You (The Harrisons #2),5279.0,£,Contemporary,5,In stock
We Are All Completely Beside Ourselves,2404.0,£,Contemporary,1,In stock
The Four Agreements: A Practical Guide to Personal Freedom,1766.0,£,Spirituality,5,In stock
The Activist's Tao Te Ching: Ancient Advice for a Modern Revolution,3224.0,£,Spirituality,5,In stock
Chasing Heaven: What Dying Taught Me About Living,3780.0,£,Spirituality,2,In stock
If I Gave You God's Phone Number....: Searching for Spirituality in America,2091.0,£,Spirituality,1,In stock
Unreasonable Hope: Finding Faith in the God Who Brings Purpose to Your Pain,4633.0,£,Spirituality,2,In stock
A New Earth: Awakening to Your Life's Purpose,5565.0,£,Spirituality,5,In stock
Logan Kade (Fallen Crest High #5.5),1312.0,£,Academic,2,In stock
Online Marketing for Busy Authors: A Step-By-Step Guide,4635.0,£,Self Help,1,In stock
How to Be Miserable: 40 Strategies You Already Use,4603.0,£,Self Help,1,In stock
"Overload: How to Unplug, Unwind, and Unleash Yourself from the Pressure of Stress",5215.0,£,Self Help,3,In stock
You Are a Badass: How to Stop Doubting Your Greatness and Start Living an Awesome Life,1208.0,£,Self Help,3,In stock
How to Stop Worrying and Start Living,4649.0,£,Self Help,5,In stock
All the Light We Cannot See,2987.0,£,Historical,5,In stock
The Girl You Left Behind (The Girl You Left Behind #1),1579.0,£,Historical,1,In stock
(Un)Qualified: How God Uses Broken People to Do Big Things,5400.0,£,Christian,5,In stock
Crazy Love: Overwhelmed by a Relentless God,4772.0,£,Christian,2,In stock
Blue Like Jazz: Nonreligious Thoughts on Christian Spirituality,2577.0,£,Christian,1,In stock
Silence in the Dark (Logan Point #4),5833.0,£,Suspense,3,In stock
The Grownup,3588.0,£,Short Stories,1,In stock
Suzie Snowflake: One beautiful flake (a self-esteem story),5481.0,£,Novels,5,In stock
"The Bulletproof Diet: Lose up to a Pound a Day, Reclaim Energy and Focus, Upgrade Your Life",4905.0,£,Health,3,In stock
"Eat Fat, Get Thin",5407.0,£,Health,2,In stock
10-Day Green Smoothie Cleanse: Lose Up to 15 Pounds in 10 Days!,4971.0,£,Health,5,In stock
The Art and Science of Low Carbohydrate Living,5298.0,£,Health,5,In stock
Libertarianism for Beginners,5133.0,£,Politics,2,In stock
Why the Right Went Wrong: Conservatism--From Goldwater to the Tea Party and Beyond,5265.0,£,Politics,4,In stock
Equal Is Unfair: America's Misguided Fight Against Income Inequality,5686.0,£,Politics,1,In stock
Amid the Chaos,3658.0,£,Cultural,1,In stock
Dark Notes,1919.0,£,Erotica,5,In stock
The Long Shadow of Small Ghosts: Murder and Memory in an American City,1097.0,£,Crime,1,In stock
